{"max": [3.02855, 5.6515, 3.02855], "centroid": [0.17823142514970064, 2.9377098323353295, -1.7024280239520955], "id": "9961ccbafd59cb03fe36eb2ab5fa00e0", "numVertices": 167, "min": [-3.02855, 0.0, -5.41453]}
