{"max": [0.0395083, 0.062, 0.0401198], "centroid": [-0.0005557495445544559, 0.03157103300330032, -0.045285418965896565], "id": "c34718bd10e378186c6c61abcbd83e5a", "numVertices": 909, "min": [-0.0399224, -0.003, -0.065415]}
