{"max": [0.0395, 0.0927, 0.0395], "centroid": [-2.0420258031610047e-06, 0.038389730509943515, -0.011969301383273815], "id": "9af98540f45411467246665d3d3724c", "numVertices": 3922, "min": [-0.0395, 0.0, -0.073085]}
