{"max": [4.50448, 8.0391, 4.50448], "centroid": [-0.4625305405405404, 4.059531500000003, -2.4256590783783776], "id": "bea77759a3e5f9037ae0031c221d81a4", "numVertices": 148, "min": [-4.50448, 0.0, -9.22988]}
