{"max": [1.59934, 3.1877, 1.59934], "centroid": [0.006857368292682913, 1.8549936341463418, -1.1748758536585366], "id": "daee5cf285b8d210eeb8d422649e5f2b", "numVertices": 246, "min": [-1.59934, 0.0, -2.30731]}
