{"max": [0.0606494, 0.112471, 0.0606494], "centroid": [-1.6890796047430928e-05, 0.0396164688932807, -0.04274719183135707], "id": "6dd59cc1130a426571215a0b56898e5e", "numVertices": 759, "min": [-0.0606494, 0.0, -0.100022]}
