{"max": [0.602353, 1.02499, 0.602353], "centroid": [0.004987451385135142, 0.44531572804053987, -0.3869778414217334], "id": "599e604a8265cc0a98765d8aa3638e70", "numVertices": 3552, "min": [-0.602353, 0.0, -0.95045]}
