{"max": [0.08712, 0.132, 0.109702], "centroid": [0.04767288190217391, 0.06053983288043489, 0.04927900122826081], "id": "f3a7f8198cc50c225f5e789acd4d1122", "numVertices": 368, "min": [0.0, 0.0, 0.0]}
