{"max": [0.062785, 0.05751, 0.0], "centroid": [0.03139251777599564, 0.024151817963111083, -0.02448541379310335], "id": "bf2b5e941b43d030138af902bc222a59", "numVertices": 3741, "min": [0.0, 0.0, -0.059964]}
