{"max": [0.573303, 0.132, -1.07348], "centroid": [0.5072956225606854, 0.046659687748691094, -1.160293526891953], "id": "ef24c302911bcde6ea6ff2182dd34668", "numVertices": 2101, "min": [0.439627, 0.0, -1.22813]}
