{"max": [0.0495253, 0.457264, 0.396202], "centroid": [-0.17433401696550738, 0.17998262276780977, 0.029560591538698854], "id": "61c10dccfa8e508e2d66cbf6a91063", "numVertices": 3566, "min": [-0.396202, 0.0, -0.234995]}
