{"max": [0.0164698, 0.0951393, -0.198289], "centroid": [-0.017023683437500003, 0.04756964999999999, -0.23178236458333323], "id": "b9004dcda66abf95b99d2a3bbaea842a", "numVertices": 96, "min": [-0.0505172, 0.0, -0.265276]}
