{"max": [104.684, 119.794, 67.494], "centroid": [46.33568439999998, 75.42939000000014, -33.70770925], "id": "bcb6be8f0ff4a51872e526c4f21dfca4", "numVertices": 160, "min": [-18.524, 0.0, -110.353]}
