{"max": [0.877856, 2.99636, 0.877856], "centroid": [-2.0400616506651813e-18, 2.11053313346228, -0.6868882920696326], "id": "79e673336e836d1333becb3a9550cbb1", "numVertices": 1034, "min": [-0.877856, 0.0, -1.57696]}
