{"max": [-0.000617978, 0.126133, 0.201486], "centroid": [-0.060077869584466086, 0.07899066527579986, 0.13760902695556432], "id": "2997f21fa426e18a6ab1a25d0e8f3590", "numVertices": 5446, "min": [-0.119497, -0.000499957, 0.0410504]}
