{"max": [1.91581, 4.09416, 1.91581], "centroid": [0.018306343550724604, 2.6326603514492803, -1.6761845376811628], "id": "83b41d719ea5af3f4dcd1df0d0a62a93", "numVertices": 552, "min": [-1.91581, 0.0, -3.94981]}
