{"max": [22.7412, 38.2651, 5.7966], "centroid": [6.4905126666666675, 19.725581090909085, -19.909568218181825], "id": "73b8b6456221f4ea20d3c05c08e26f", "numVertices": 165, "min": [-10.5709, 0.0, -41.9901]}
