{"max": [175.846, 124.658, 247.917], "centroid": [122.31859845679038, 74.52221188271601, 173.47649691358055], "id": "1038e4eac0e18dcce02ae6d2a21d494a", "numVertices": 648, "min": [67.5034, 0.0, 100.223]}
