{"max": [-5.58636, 7.34822, -14.397], "centroid": [-9.314357133948034, 3.4111975279609297, -18.582505124728893], "id": "99eaa69cf6fe8811dec712af445786fe", "numVertices": 7376, "min": [-13.0424, -0.2, -24.9057]}
