{"max": [-0.104097, 0.156839, -0.437809], "centroid": [-0.19173573110285, 0.04218088225526675, -0.5590251548946711], "id": "b815d7e084a5a75b8d543d7713b96a41", "numVertices": 807, "min": [-0.279152, 0.0, -0.6291]}
