{"max": [0.641765, 0.971124, -2.69313], "centroid": [0.5873548906098748, 0.9379162391093898, -2.7684410454985504], "id": "89bd0dff1b386ebed6b30d74fff98ffd", "numVertices": 1033, "min": [0.533143, 0.905, -2.83125]}
