{"max": [0.0381, 0.0968375, 0.0381], "centroid": [0.002668904250817817, 0.06391655520102642, -0.03698550294268608], "id": "403fb4eb4fc6235adf0c7dbe7f8f4c8e", "numVertices": 1169, "min": [-0.0381, -0.003175, -0.0705511]}
