{"max": [-0.058446, 0.111243, -0.025704], "centroid": [-0.11422286807228946, 0.04943008373493982, -0.11728055361445804], "id": "ec846432f3ebedf0a6f32a8797e3b9e9", "numVertices": 1660, "min": [-0.170027, 0.0, -0.177441]}
