{"max": [0.0319807, 0.0605039, 0.0168281], "centroid": [0.005380927657305187, 0.028849657146666815, -0.018974184056873594], "id": "5fe74baba21bba7ca4eec1b19b3a18f8", "numVertices": 5559, "min": [-0.0216178, -3.93486e-05, -0.0578668]}
