{"max": [4.34224, 1.75, -0.163195], "centroid": [3.511988715083787, 0.8888699050279343, -1.3051585083798896], "id": "c2eacc521dd65bf7a1c742bb4ffef210", "numVertices": 358, "min": [2.62613, 0.0, -2.52724]}
