{"max": [1.56886, 3.14, 1.56886], "centroid": [0.14509986414253884, 1.5723399955456567, -1.4420232583518928], "id": "15bd6225c209a8e3654b0ce7754570c8", "numVertices": 449, "min": [-1.56886, 0.0, -2.66173]}
