{"max": [0.105284, 0.119452, 0.105284], "centroid": [9.277749933706803e-19, 0.05143301615796024, -0.02412462428482585], "id": "85d5e7be548357baee0fa456543b8166", "numVertices": 3216, "min": [-0.105284, -0.000545389, -0.105284]}
