{"max": [2.77455, 4.65653, 2.77455], "centroid": [-0.097314283333333, 2.4465319999999955, 0.020937415000000407], "id": "5ef0c4f8c0884a24762241154bf230ce", "numVertices": 600, "min": [-2.77455, 0.236534, -2.77455]}
