{"max": [-0.204597, 0.118865, -0.152517], "centroid": [-0.26516653808653257, 0.07156257148080439, -0.24847322790981052], "id": "1305b9266d38eb4d9f818dd0aa1a251", "numVertices": 1641, "min": [-0.303404, 0.00049285, -0.276235]}
