{"max": [1.15398, 3.33497, 4.85311], "centroid": [0.1341930700246488, 1.9999134539078107, 2.6819232239478863], "id": "3093367916fb5216823323ed0e090a6f", "numVertices": 1996, "min": [-2.2186, 0.0, 0.149028]}
