{"max": [0.0901636, 0.113123, -0.0145027], "centroid": [0.06241642178706066, 0.058200373513199295, -0.07154555807948919], "id": "6aec84952a5ffcf33f60d03e1cb068dc", "numVertices": 3447, "min": [0.0165557, 0.000175362, -0.118105]}
