{"max": [0.215143, 0.563575, 0.215143], "centroid": [-0.0009006943089431427, 0.31391143093495943, -0.07475711707317079], "id": "e363fa24c824d20ca363b55cbd344baa", "numVertices": 246, "min": [-0.215143, 0.0, -0.455289]}
