{"max": [0.624013, 1.5, 0.624013], "centroid": [-0.0032023412514598612, 0.6335667854248127, -0.11325578576642334], "id": "128ecbc10df5b05d96eaf1340564a4de", "numVertices": 2740, "min": [-0.624013, 0.0, -1.02284]}
