{"max": [-1.13669, 0.116106, -0.791446], "centroid": [-1.1875373259052922, 0.03798457987654577, -0.8522082506963792], "id": "c6b24bf0a011b100d536be1f5e11c560", "numVertices": 1795, "min": [-1.23851, 0.0, -0.935281]}
