{"max": [0.06, 0.110311, 0.113443], "centroid": [0.009977057588652487, 0.04685353270212754, 0.0353412500070922], "id": "e16a895052da87277f58c33b328479f4", "numVertices": 282, "min": [-0.04, -0.00468895, -0.016557]}
