{"max": [0.941387, 2.39395, 0.941387], "centroid": [-0.04963394334862372, 1.3425139587155963, -0.41702772018348616], "id": "43f94ba24d2f075c4d32a65fb7bf4ebc", "numVertices": 218, "min": [-0.941387, 0.0, -1.8802]}
