{"max": [-0.585014, 0.21, -1.90607], "centroid": [-0.6444974883720932, 0.11684290116279071, -1.9946000000000008], "id": "64a9d9f6774973ebc598d38a6a69ad2", "numVertices": 172, "min": [-0.716774, -0.01, -2.0759]}
