{"max": [0.0473343, 0.0972152, -0.0615655], "centroid": [-9.766077382120228e-05, 0.053711692871835554, -0.12970867017405083], "id": "67b9abb424cf22a22d7082a28b056a5", "numVertices": 1264, "min": [-0.0450541, 0.00062738, -0.180256]}
