{"max": [4.12092, 7.2898, 4.12092], "centroid": [-0.027706737931034356, 2.4226400131034476, -1.0511744644137933], "id": "f23a544c04e2f5ccb50d0c6a0c254040", "numVertices": 1450, "min": [-4.12092, -1.8796, -7.10635]}
