{"max": [-2.02127, 4.39868, 6.04194], "centroid": [-4.053476372007362, 2.0052180228176866, 3.065142170349908], "id": "e9499e4a9f632725d6e865157050a80e", "numVertices": 1086, "min": [-6.08527, -0.0031002, 0.462117]}
