{"max": [0.047625, 0.12781, -0.100692], "centroid": [-1.2425593506925256e-06, 0.08705191646939471, -0.16876392593845102], "id": "a637500654ca8d16c97cfc3e8a6b1d16", "numVertices": 2957, "min": [-0.047625, 0.0579601, -0.226155]}
