{"max": [0.457034, 0.12, -20.6213], "centroid": [0.4074259999999995, 0.06373684210526295, -20.69813327067672], "id": "a0c78f254b037f88933dc172307a6bb9", "numVertices": 1064, "min": [0.357818, 0.0, -20.754]}
