{"max": [-7.00239, 7.62551, -2.98851], "centroid": [-12.842999999999986, 3.7590477085427128, -10.769054120603021], "id": "d32cd77c6630b77de47c0353c18d58e", "numVertices": 199, "min": [-18.25, -0.0245545, -18.7679]}
