{"max": [-0.0211167, 0.128673, 0.029671], "centroid": [-0.07643682727272726, 0.06738046136363636, -0.05031470652272725], "id": "34869e23f9fdee027528ae0782b54aae", "numVertices": 88, "min": [-0.1375, 0.0, -0.136392]}
