{"max": [0.0, 0.11175, 0.0], "centroid": [-0.04000000110196314, 0.04921371614946184, -0.05271373308423062], "id": "4815b8a6406494662a96924bce6ef687", "numVertices": 1579, "min": [-0.08, 0.0, -0.122209]}
