{"max": [-2.63739, 0.127, -0.0516005], "centroid": [-2.691210580969805, 0.07524660126715504, -0.1161159822964318], "id": "6faf1f04bde838e477f883dde7397db2", "numVertices": 2186, "min": [-2.74376, 0.0, -0.207045]}
