{"max": [6.08275, 14.5093, 0.0], "centroid": [-0.025164403471578133, 6.301285668477653, -11.580089702265825], "id": "7d282cc3cedd40c8b5c4f4801d3aada", "numVertices": 7547, "min": [-6.08275, 0.0, -15.9255]}
