{"max": [0.119737, 0.307133, 0.127289], "centroid": [0.0032440554975530045, 0.16934886604893973, -0.0466443004893964], "id": "62684ad0321b35189a3501eead248b52", "numVertices": 613, "min": [-0.113249, 0.0, -0.270261]}
