{"max": [3.11969, 2.01199, 1.44401], "centroid": [1.3120610584836017, 0.4184991029314712, -0.3598827478085802], "id": "659192a6ba300f1f4293529704725d98", "numVertices": 5151, "min": [-0.496721, 0.0, -2.17239]}
