{"max": [-0.075003, 0.23285, -0.104684], "centroid": [-0.18940399055490037, 0.10196486894923223, -0.2729982508854782], "id": "8f550770386a6cf82f23d8349a133d2b", "numVertices": 1694, "min": [-0.303338, -0.000823, -0.356488]}
