{"max": [0.500118, 0.915, -2.60364], "centroid": [0.08531651479893082, 0.3152828214695574, -3.8044991654291573], "id": "b9be7cfe653740eb7633a2dd89cec754", "numVertices": 3367, "min": [-0.437168, -0.152824, -4.53444]}
