{"max": [8.48099, 6.096, -6.04946], "centroid": [5.436642215568869, 3.177433532934132, -10.767546467065868], "id": "2852b888abae54b0e3523e99fd841f4", "numVertices": 167, "min": [2.38499, 0.0, -14.5839]}
