{"max": [0.018674, 0.0625, 0.041326], "centroid": [-0.01132610560344831, 0.024426248563218438, 0.002326214798850558], "id": "1a97f3c83016abca21d0de04f408950f", "numVertices": 1392, "min": [-0.041326, 0.0, -0.041326]}
