{"max": [0.3, 0.5, 0.3], "centroid": [-4.226010222766725e-18, 0.25077423109677405, -0.375934899354839], "id": "c82b9f1b98f044fc15cf6e5ad80f2da", "numVertices": 1550, "min": [-0.3, 0.0, -0.464778]}
