{"max": [0.0296, 0.0826774, 0.0296], "centroid": [8.248455776433858e-06, 0.039695703514837706, -0.0017012116104868965], "id": "1ae1ba5dfb2a085247df6165146d5bbd", "numVertices": 3471, "min": [-0.0296, 0.0, -0.0492871]}
