{"max": [1.72, 2.56335, 1.69884], "centroid": [0.019789585403726707, 1.882263495341615, -0.9793672826086953], "id": "54f2d6a0b431839c99785666a0fe0255", "numVertices": 644, "min": [-1.71119, -0.1406, -3.28599]}
