{"max": [4.15158, 0.0, -11.1346], "centroid": [4.097803231707314, -0.05892906097560983, -11.219280487804868], "id": "1a1c0a8d4bad82169f0594e65f756cf5", "numVertices": 164, "min": [4.04393, -0.11988, -11.2939]}
