{"max": [0.043937, 0.130152, 0.043937], "centroid": [-0.0005061344148319817, 0.10204846349942052, -0.00860808922363847], "id": "b18bf84bcd457ffbc2868ebdda32b945", "numVertices": 863, "min": [-0.043937, 0.0, -0.066784]}
