{"max": [1.13137, 6.56696, -0.754925], "centroid": [-1.2669738801929038, 3.862266438465948, -3.3775037012020643], "id": "9196f53a0d4be2806ffeedd41ba624d6", "numVertices": 1747, "min": [-3.85603, 0.0, -7.26607]}
