{"max": [2.86013, 3.53886, 4.34219], "centroid": [1.1401291533151198e-17, 1.2445134175012205, 0.16624135770459983], "id": "5c7c4cb503a757147dbda56eabff0c47", "numVertices": 2065, "min": [-2.86013, -0.0940795, -2.51396]}
