{"max": [6.43738, 5.7785, -1.20757], "centroid": [3.5611038253275105, 2.4478505720524018, -3.3551520524017433], "id": "f99e19b8c4a729353deb88581ea8417a", "numVertices": 229, "min": [0.640746, 0.0, -8.15223]}
