{"max": [0.0635, 0.1016, 0.0635], "centroid": [-3.5039007633587956e-05, 0.05791628244274816, -0.03632947908396949], "id": "35ce7ede92198be2b759f7fb0032e59", "numVertices": 262, "min": [-0.0635, 0.0, -0.0961046]}
