{"max": [1.45761, 2.95116, 1.45761], "centroid": [0.26930522050290134, 2.308134922630563, -0.14120155705996099], "id": "141f1db25095b16dcfb3760e4293e310", "numVertices": 517, "min": [-1.45761, 0.0, -1.99945]}
