{"max": [-0.0151805, 0.171504, -0.000756056], "centroid": [-0.08434735155813944, 0.13627386897767402, -0.08282495451232559], "id": "1dd8290a154f4b1534a8988fdcee4fde", "numVertices": 4300, "min": [-0.159833, 0.0, -0.193003]}
