{"max": [-2.7198e-05, 0.095, 0.120358], "centroid": [-0.040703006054054094, 0.048346676756756767, 0.059034695540540534], "id": "b4ae56d6638d5338de671f28c83d2dcb", "numVertices": 148, "min": [-0.0800272, 0.0, 0.00092487]}
