{"max": [-2.4501, 2.25875, -1.22618], "centroid": [-3.4723178801582684, 0.9782474949689013, -2.9901504465800084], "id": "83827973c79ca7631c9ec1e03e401f54", "numVertices": 1769, "min": [-4.44718, -0.0972755, -3.87241]}
