{"max": [0.0422526, 0.1016, 0.0469805], "centroid": [0.001052581413708692, 0.03700949808078336, -0.0066554158751530165], "id": "1be6b2c84cdab826c043c2d07bb83fc8", "numVertices": 1634, "min": [-0.0402975, 0.0, -0.0694973]}
