{"max": [0.503976, 0.48387, 2.20015], "centroid": [0.2479877930641333, 0.2421486285035632, 1.6594018052256532], "id": "46955fddcc83a50f79b586547e543694", "numVertices": 421, "min": [-0.0141234, 0.0, 1.47284]}
