{"max": [12.1598, 11.9634, -1.7153], "centroid": [6.466468507537689, 5.668015175879395, -9.694891809045222], "id": "9880097f723c98a9bd8c6965c4665b41", "numVertices": 398, "min": [0.815988, 0.0, -15.7715]}
