{"max": [-3.02415, 1.8288, 4.24431], "centroid": [-3.9116583219178107, 1.0620377636986262, 3.0795853424657524], "id": "c7f8d39c406fee941050b055aafa6fb8", "numVertices": 292, "min": [-4.79252, 0.0, 1.89339]}
