{"max": [-0.358727, 0.091773, -1.26501], "centroid": [-0.40390793150685006, 0.0421873328767123, -1.3445250684931505], "id": "c60f62684618cb52a4136492f17b9a59", "numVertices": 365, "min": [-0.44918, 0.0, -1.38333]}
