{"max": [0.041, 0.0886175, 0.041], "centroid": [7.483601982643934e-20, 0.023744172274398886, -0.004477268316831687], "id": "8012f52dd0a4d2f718a93a45bf780820", "numVertices": 1414, "min": [-0.041, 0.0, -0.0611773]}
