{"max": [0.0397929, 0.147466, -9.8773], "centroid": [-0.0003826821982758617, 0.09767917844827584, -9.937842974137931], "id": "645b0e2ef3b95979204df312eabf367f", "numVertices": 232, "min": [-0.0397929, 0.0524664, -9.98624]}
