{"max": [1.008, 2.124, 1.008], "centroid": [0.06475341911764691, 1.0392212195378099, -0.49185118014705886], "id": "46ed9dad0440c043d33646b0990bb4a", "numVertices": 1904, "min": [-1.008, 0.0, -1.90015]}
