{"max": [0.0428625, 0.113506, 0.0428625], "centroid": [0.00010654980919797867, 0.04156384960927308, -0.03229270696616191], "id": "187859d3c3a2fd23f54e1b6f41fdd78a", "numVertices": 5349, "min": [-0.0428625, 0.0, -0.0878467]}
