{"max": [-0.302992, 0.0959983, -0.882662], "centroid": [-0.3563359109677423, 0.05422584246451609, -0.9732055367741934], "id": "a6d9f9ae39728831808951ff5fb582ac", "numVertices": 775, "min": [-0.391466, 0.0, -1.00924]}
