{"max": [0.049626, 0.111, 0.049626], "centroid": [-2.0850041778567394e-19, 0.05665384615384613, -0.04299768076923076], "id": "9d8c711750a73b06ad1d789f3b2120d0", "numVertices": 208, "min": [-0.049626, 0.0, -0.0932]}
