{"max": [0.135379, 0.736762, 0.0269362], "centroid": [0.07853308595829643, 0.6780136426353197, -0.04273935228693434], "id": "6500ccc65e210b14d829190312080ea3", "numVertices": 4508, "min": [0.017973, 0.612902, -0.127467]}
