{"max": [0.0, 0.110239, 0.130406], "centroid": [-0.04290429298384487, 0.05792813292407106, 0.06696623834894976], "id": "edaf960fb6afdadc4cebc4b5998de5d0", "numVertices": 619, "min": [-0.0858, 0.0, 0.0]}
