{"max": [0.04, 0.1, 0.04], "centroid": [-2.0408511482080083e-19, 0.050294120588235396, -0.040710655882352925], "id": "ff1a44e1c1785d618bca309f2c51966a", "numVertices": 408, "min": [-0.04, 0.0, -0.0686298]}
