{"max": [0.554038, 1.35414, 0.554038], "centroid": [-0.010387883254310332, 0.6541898506465518, -0.6388517909482749], "id": "d46b98f63a017578ea456f4bbbc96af9", "numVertices": 464, "min": [-0.554038, 0.0, -1.12284]}
