{"max": [-0.0190289, 0.0771998, -0.191579], "centroid": [-0.07053928185801939, 0.03390002874671376, -0.2587889193689742], "id": "9ff8400080c77feac2ad6fd1941624c3", "numVertices": 2282, "min": [-0.125808, 0.00388744, -0.315573]}
