{"max": [1.84756, 6.80392, 1.84756], "centroid": [-0.46943689608540895, 3.373126017793592, 0.592228540925267], "id": "127944b6dabee1c9e20e92c5b8147e4a", "numVertices": 281, "min": [-1.84756, -0.16, -1.84756]}
