{"max": [-718.813, 2.48214, -28786.7], "centroid": [-719.6401202531647, 1.3921723898734155, -28788.244936708845], "id": "39361b14ba19303ee42cfae782879837", "numVertices": 158, "min": [-720.587, 0.0, -28789.4]}
