{"max": [0.0714009, 0.135364, 0.179752], "centroid": [-0.0003773209644144179, 0.047516577567567594, 0.07610342882882878], "id": "214dbcace712e49de195a69ef7c885a4", "numVertices": 444, "min": [-0.059827, 0.005364, 0.022796]}
