{"max": [2.17265, 4.37305, 2.12227], "centroid": [-0.28940523722149386, 2.2280772568807303, -1.4818500707732636], "id": "6c5ec193434326fd6fa82390eb12174f", "numVertices": 763, "min": [-2.12227, -0.162764, -4.43131]}
