{"max": [0.797367, 0.0683489, -0.608596], "centroid": [0.7239025705882354, 0.03502228124705884, -0.6565245705882353], "id": "275729fcdc9bf1488afafc80c93c27a9", "numVertices": 170, "min": [0.66457, 0.0, -0.687971]}
