{"max": [-0.299746, 1.14521, 2.29853], "centroid": [-0.8407046200353051, 0.5337030428155318, 1.50013121050309], "id": "d7ba704184d424dfd56d9106430c3fe", "numVertices": 2266, "min": [-1.37573, -0.0711974, 0.83388]}
