{"max": [-0.0221077, 0.11, -0.0353774], "centroid": [-0.07216526233933161, 0.042257120471294006, -0.09536811358183393], "id": "8f6c86feaa74698d5c91ee20ade72edc", "numVertices": 2334, "min": [-0.12191, 0.0, -0.166492]}
