{"max": [7.25755, 33.7543, 55.8323], "centroid": [-4.004298592437861, 19.12549241873798, 43.29223840025497], "id": "345d3e7252156db8d44ee24d6b5498e1", "numVertices": 3138, "min": [-14.5703, 9.43171, 29.6648]}
