{"max": [0.25, 1.02873, 0.75], "centroid": [-0.24996715189873417, 0.5890707450271252, -0.09576945207956586], "id": "7374ea7fee07f94c86032c4825f3450", "numVertices": 553, "min": [-0.75, 0.0, -0.560422]}
