{"max": [2.11531, 5.03448, 2.11531], "centroid": [0.003069673378076044, 3.8586952259507843, -1.216358590604027], "id": "b7841572364fd9ce1249ffc39a0c3c0b", "numVertices": 894, "min": [-2.11531, 0.0, -3.29993]}
