{"max": [0.0769216, 0.072, 0.0769216], "centroid": [1.575979111539504e-09, 0.03273561337052838, -0.007165134178166161], "id": "6661c0b9b9b8450c4ee002d643e7b29e", "numVertices": 3047, "min": [-0.0769215, 0.0, -0.0769215]}
