{"max": [-1685.95, 6437.28, 3375.94], "centroid": [-4648.889544297362, 2820.7440229937947, -419.76846353080435], "id": "e984fd7e97c2be347eaeab1f0c9120b7", "numVertices": 3928, "min": [-7448.23, -3.35276e-07, -4783.39]}
