{"max": [0.0874786, 0.168005, 0.101751], "centroid": [0.031748116562233177, 0.07937405444261289, -0.012632528157091006], "id": "649a51c711dc7f3b32e150233fdd42e9", "numVertices": 4914, "min": [-0.0762107, -0.00336218, -0.10181]}
