{"max": [0.0718618, 0.129212, 0.0714743], "centroid": [-5.874635414634193e-05, 0.0784326982113829, -0.021980775817886173], "id": "f1e439307b834015770a0ff1161fa15a", "numVertices": 4920, "min": [-0.0719793, 0.0, -0.115471]}
