{"max": [0.361051, 0.111125, -0.0816076], "centroid": [0.31674919071207336, 0.05356785256346759, -0.12344041455108316], "id": "962883677a586bd84a60c1a189046dd1", "numVertices": 1615, "min": [0.272151, 0.0, -0.213423]}
