{"max": [-0.0138317, 0.129133, 0.022356], "centroid": [-0.06071791091567521, 0.09196998129332948, -0.02742066422279878], "id": "fd1f9e8add1fcbd123c841f9d5051936", "numVertices": 9665, "min": [-0.10493, 0.0, -0.0964707]}
