{"max": [0.0, 0.095, 0.0], "centroid": [-0.03975235712432437, 0.046875674378378425, -0.06584209766486485], "id": "639a1f7d09d23ea37d70172a29ade99a", "numVertices": 185, "min": [-0.0795858, 0.0, -0.108944]}
