{"max": [0.536007, 1.20174, 0.463813], "centroid": [-0.15061860535935834, 0.824616083346064, -0.22496548021848722], "id": "cf777e14ca2c7a19b4aad3cc5ce7ee8", "numVertices": 1309, "min": [-0.492693, 0.0, -1.02384]}
