{"max": [0.244711, 0.127, -0.0212078], "centroid": [0.20665152941176484, 0.07039718991596637, -0.07958165966386553], "id": "bed29baf625ce9145b68309557f3a78c", "numVertices": 119, "min": [0.168511, 0.0, -0.13421]}
