{"max": [0.0, 0.174462, 0.0], "centroid": [-0.07862773007752909, 0.07984106346044711, -0.15990445764134834], "id": "7d6baadd51d0703455da767dfc5b748e", "numVertices": 3173, "min": [-0.153743, 0.0, -0.217038]}
