{"max": [0.438089, 0.359612, 0.438089], "centroid": [-0.01208381091407678, -0.07273200219378376, -0.08581100504570409], "id": "f1866a48c2fc17f85b2ecd212557fda0", "numVertices": 547, "min": [-0.438089, -0.7722, -0.812649]}
