{"max": [-0.29821, 0.2072, -1.257], "centroid": [-0.33967098003629725, 0.07004533484573516, -1.3102116696914667], "id": "ea95f7b57ff1573b9469314c979caef4", "numVertices": 551, "min": [-0.38021, 0.0, -1.3711]}
