{"max": [0.0, 10.85, 0.0], "centroid": [-2.8837103775839603, 5.417076354115227, -5.3431348094538444], "id": "52273f4b17505e898ef19a48ac4fcfdf", "numVertices": 21092, "min": [-7.2, 0.0, -10.2974]}
