{"max": [1.1, 3.82983, 1.1], "centroid": [-1.3529645876295663e-08, 2.285700680461585, -0.46018027059291655], "id": "d75af64aa166c24eacbe2257d0988c9c", "numVertices": 2513, "min": [-1.1, 0.924832, -1.7881]}
