{"max": [0.728774, 0.143589, 1.34255], "centroid": [0.6753805530973459, 0.07001647814159294, 1.2745218584070799], "id": "f42a9784d165ad2f5e723252788c3d6e", "numVertices": 226, "min": [0.619248, 0.0, 1.19005]}
