{"max": [0.0, 0.0762, 0.0], "centroid": [-0.0334710829916766, 0.05300438912009509, -0.05747594391914383], "id": "8570d9a8d24cb0acbebd3c0c0c70fb03", "numVertices": 841, "min": [-0.066675, 0.0, -0.0940491]}
