{"max": [9.27164, 16.3259, -0.896974], "centroid": [-1.7160966468750012, 7.845142906250023, -22.815548165625014], "id": "92d6394732e6058d4bcbafcc905a9b98", "numVertices": 640, "min": [-12.7038, 0.0, -33.0223]}
