{"max": [0.0396152, 0.092075, 0.0365224], "centroid": [0.0005246260978550083, 0.044002087731957816, -0.02291557063745045], "id": "f626192a5930d6c712f0124e8fa3930b", "numVertices": 3683, "min": [-0.036506, -2.7686e-06, -0.0707455]}
