{"max": [1.90737, 0.191786, -3.41168], "centroid": [1.8620389844329082, 0.14596288732394433, -3.490418042994821], "id": "e6dedae946ff5265a95fb60c110b25aa", "numVertices": 1349, "min": [1.82023, 0.104775, -3.53573]}
