{"max": [6.59589, 1.69754, -5.9265], "centroid": [6.044044117647058, 0.8595590467036639, -6.8055963596004405], "id": "546648204a20b712dfb0e477a80dcc95", "numVertices": 901, "min": [5.45009, 0.0, -7.61187]}
