{"max": [3.28792, 5.3, 3.28792], "centroid": [-0.48458669302325613, 1.3143089297441852, -0.5641068589147286], "id": "cc5b14ef71e87e9165ba97214ebde03", "numVertices": 645, "min": [-3.28792, 0.0, -5.39085]}
