{"max": [1.064, 2.4511, 1.064], "centroid": [0.019808491791666657, 1.3516239666666674, -0.8745972916666663], "id": "387b695db51190d3be276203d0b1a33f", "numVertices": 240, "min": [-1.064, 0.0, -1.75767]}
