{"max": [-1.19777, 5.30486, -2.18934], "centroid": [-3.990125151515153, 2.411130545454544, -6.354929040404045], "id": "68f4428c0b38ae0e2469963e6d044dfe", "numVertices": 198, "min": [-6.83644, 0.0, -12.0449]}
