{"max": [0.0, 7.84533, 0.0], "centroid": [-3.053810223351486, 2.3514778045948193, -4.142733492295482], "id": "32e197b8118b3ff6a4bd4f46ba404890", "numVertices": 11970, "min": [-6.09545, 0.0, -9.03188]}
