{"max": [0.587256, 1.6338, 0.587256], "centroid": [-0.00790833943462897, 1.0493987003180225, -0.27625806219081284], "id": "a1d293f5cc20d01ad7f470ee20dce9e0", "numVertices": 1132, "min": [-0.587256, -0.00337248, -1.22765]}
