{"max": [0.036429, 0.185, 0.135917], "centroid": [-0.0035701763939615886, 0.09863861212231459, 0.09247473577948727], "id": "6c04c2eac973936523c841f9d5051936", "numVertices": 21976, "min": [-0.0435699, 0.0, 0.00756021]}
