{"max": [0.205, 0.599775, 0.205], "centroid": [-0.0003163474185248624, 0.3477799110634642, -0.022885853773584888], "id": "17952a204c0a9f526c69dceb67157a66", "numVertices": 1166, "min": [-0.205, 0.0923704, -0.339297]}
