{"max": [0.768687, 0.111232, 0.480611], "centroid": [0.7250204870466275, 0.07763950051813476, 0.4191183950777212], "id": "a3cd44bbd3ba5b019a4cbf5d3b79df06", "numVertices": 772, "min": [0.683027, -0.0032, 0.364224]}
