{"max": [-5.58636, 7.34822, -14.397], "centroid": [-9.314356962860176, 4.141424659534857, -18.71064819507115], "id": "896f1d494bac0ebcdec712af445786fe", "numVertices": 5762, "min": [-13.0424, -0.2, -24.9057]}
