{"max": [-1.12276, 0.168, 0.096589], "centroid": [-1.2056765472312767, 0.05754042567009776, 0.014689133157524405], "id": "24b17537bce40695b3207096ecd79542", "numVertices": 1535, "min": [-1.28276, -0.004, -0.148048]}
