{"max": [0.0, 0.1, 0.119579], "centroid": [-0.03963333374074071, 0.06793642148148153, 0.03395824733333332], "id": "10c2b3eac377b9084b3c42e318f3affc", "numVertices": 270, "min": [-0.08, 0.0, 0.0]}
