{"max": [0.0357929, 0.27305, 0.27651], "centroid": [-0.13252662610802943, 0.125507411678832, 0.1283110144987833], "id": "6d2657c640e97c4dd4c0c1a5a5d9a6b8", "numVertices": 822, "min": [-0.286614, -0.00635, -0.0853694]}
