{"max": [1.22677, 1.62242, 1.22453], "centroid": [-0.14260206325735283, 0.8833343480392122, -1.0423100833333325], "id": "d309d5f8038df4121198791a5b8655c", "numVertices": 408, "min": [-1.21911, 0.0, -1.78125]}
