{"max": [0.178904, 0.331468, 0.170396], "centroid": [0.003891889137931015, 0.16228214282758696, -0.004615577931034497], "id": "27119d9b2167080ec190cb14324769d", "numVertices": 696, "min": [-0.17112, 0.000225842, -0.179628]}
