{"max": [0.0974659, 0.115, -0.0172826], "centroid": [0.05736046957142843, 0.07820788921428566, -0.0971389128571432], "id": "85a2511c375b5b32f72755048bac3f96", "numVertices": 1400, "min": [0.0174659, 0.025, -0.133304]}
