{"max": [0.0938945, 0.129386, 0.0938945], "centroid": [-2.1138796709195137e-18, 0.08009036664410042, -0.028518567698259244], "id": "ea127b5b9ba0696967699ff4ba91a25", "numVertices": 2068, "min": [-0.0938945, 0.0, -0.127161]}
