{"max": [0.36319, 0.876952, 0.766288], "centroid": [-0.0508467788824663, 0.41421439939257054, 0.13639419307899825], "id": "b9f9f5b48ab1153626829c11d9aba173", "numVertices": 1038, "min": [-0.45698, -5.96046e-08, -0.341313]}
