{"max": [23.0358, 8.35, 12.0676], "centroid": [6.942495858131477, 0.6559064858866794, -1.5489501782871973], "id": "dfa8a3a0c8a552b62bc8a44b22fcb3b9", "numVertices": 1156, "min": [-1.0993, -8.35, -15.6957]}
