{"max": [0.0286648, 0.05715, 0.0286648], "centroid": [-2.4911661721068405e-05, 0.0058224035608308135, 6.644080118694424e-05], "id": "9fc96d41ec7a66a6a159545213d74ea", "numVertices": 674, "min": [-0.0286648, -0.00512036, -0.0286648]}
