{"max": [5.44831, 4.8768, -5.45975], "centroid": [2.8770450000000056, 2.869132625, -9.583415795454556], "id": "a8f7a0edd3edc3299e54b4084dc33544", "numVertices": 176, "min": [0.149986, 0.889, -11.7985]}
