{"max": [2.98343, 4.3, 0.0], "centroid": [1.632168545816738, 2.398956634462147, -3.506912699203191], "id": "fad118b32085f3f2c2c72e575af174cd", "numVertices": 1004, "min": [0.0, 0.0, -4.37742]}
