{"max": [-9.39369, 7.10982, 0.458187], "centroid": [-11.968956673825867, 2.9551476370389556, -3.9469990416832825], "id": "b811555ccf5ef6c4948fa2daa427fe1f", "numVertices": 6984, "min": [-14.7389, 0.00511364, -7.03286]}
