{"max": [0.534897, 0.148781, -0.0605592], "centroid": [0.47352501176470674, 0.0985894445510156, -0.19169012288770082], "id": "5582a89be131867846ebf4f1147c3f0f", "numVertices": 935, "min": [0.399642, 0.0, -0.230729]}
