{"max": [0.05, 0.1, 0.05], "centroid": [0.0028371136363636367, 0.053481136363636446, -0.021621801136363642], "id": "ea33ad442b032208d778b73d04298f62", "numVertices": 176, "min": [-0.05, 0.0, -0.089658]}
