{"max": [4.67489, 6.62305, 7.08834], "centroid": [-0.7055417279656455, 2.582591615995707, 0.4528478721953855], "id": "b46e89995f4f9cc5161e440f04bd2a2", "numVertices": 1863, "min": [-6.1181, -0.445213, -7.2261]}
