{"max": [0.041275, 0.0944178, 0.041275], "centroid": [-2.1286231874244445e-09, 0.0578131684239131, -0.038022480797101334], "id": "1bc5d303ff4d6e7e1113901b72a68e7c", "numVertices": 1104, "min": [-0.041275, 0.0, -0.0743013]}
