{"max": [0.791181, 1.52241, 0.791181], "centroid": [0.03996495641025641, 0.7906320683760697, -0.19166832478632476], "id": "928a383f79698c3fb6d9bc28c8d8a2c4", "numVertices": 117, "min": [-0.791181, 0.0, -1.56796]}
