{"max": [0.016673, 0.091773, 0.0737804], "centroid": [-0.0285112746676743, 0.04425217814910023, -0.003615520738043291], "id": "162201dfe14b73f0281365259d1cf342", "numVertices": 389, "min": [-0.0737804, 0.0, -0.0445378]}
