{"max": [0.0398686, 0.104775, 0.0398686], "centroid": [0.00015397763636363615, 0.05310794363636361, -0.02225204727272728], "id": "b88bcf33f25c6cb15b4f129f868dedb", "numVertices": 55, "min": [-0.0398686, 0.003175, -0.0687452]}
