{"max": [0.085, 0.097, 0.122768], "centroid": [0.04250000120099379, 0.037641442957386174, 0.060857342916903506], "id": "e94e46bc5833f2f5e57b873e4f3ef3a4", "numVertices": 2816, "min": [0.0, 0.0, 0.0]}
