{"max": [-0.97637, 1.03996, 2.53218], "centroid": [-1.7062958438117806, 0.3440969567234488, 1.7444775001977055], "id": "b98fa11a567f644344b25d683fe71de", "numVertices": 2529, "min": [-2.43069, -7.06911e-05, 0.902029]}
