{"max": [3.09814, 4.893, 7.11051], "centroid": [0.6922128260127935, 2.1153059083155643, 2.315266294243068], "id": "f7d776fd68b126f23b67070c4a034f08", "numVertices": 469, "min": [-1.8436, -0.05, 0.286031]}
