{"max": [1.96852, 4.5212, 1.96852], "centroid": [0.0004066896680497812, 2.3493685477178405, -1.8704123236514525], "id": "8b780e521c906eaf95a4f7ae0be930ac", "numVertices": 241, "min": [-1.96852, 0.0, -4.06659]}
