{"max": [69.2289, 31.4482, 111.528], "centroid": [1.7444725241864456, -48.72345279683373, 14.376007233069473], "id": "642eb7c42ebedabd223d193f5a188983", "numVertices": 1137, "min": [-65.8946, -157.62, -90.8896]}
