{"max": [0.0538394, 0.11484, 0.0538394], "centroid": [-1.1153893686345056e-18, 0.05441090285572243, -0.04215549254321549], "id": "c51b79493419eccdc1584fff35347dc6", "numVertices": 8851, "min": [-0.0538394, -1.62306e-05, -0.0911707]}
