{"max": [4.79647, 0.127, -3.6823], "centroid": [4.7551903541912575, 0.06752981327036588, -3.727870731995274], "id": "91f90c3a50410c0dc27effd6fd6b7eb0", "numVertices": 847, "min": [4.71392, 0.0, -3.7966]}
