{"max": [0.0508, 0.117502, 0.0508], "centroid": [0.0007355945231958744, 0.08076477120721663, -0.03879075476804124], "id": "44f9c4e1ea3532b8d7b20fded0142d7a", "numVertices": 776, "min": [-0.0508, -0.000350164, -0.106898]}
