{"max": [0.0, 0.107104, 0.0], "centroid": [-0.044602956204379554, 0.0627259562043797, -0.05142398540145981], "id": "c0c130c04edabc657c2b66248f91b3d8", "numVertices": 274, "min": [-0.090709, 0.0, -0.114617]}
