{"max": [0.748591, 0.954471, 0.545766], "centroid": [0.6973922954954956, 0.8910956774774802, 0.4776143765765763], "id": "71ca4fc9c8c29fa8d5abaf84513415a2", "numVertices": 555, "min": [0.645659, 0.870271, 0.418641]}
