{"max": [5.1929, 4.87248, -2.02475], "centroid": [2.390180747433267, 3.775850492813144, -5.4931049486653], "id": "8b1dca1414ba88cb91986c63a4d7a99a", "numVertices": 487, "min": [-0.57182, 0.0, -8.93187]}
