{"max": [0.311232, 1.11435, 0.311232], "centroid": [-3.983439092983779e-17, 0.36172877777777795, 3.2766998990673022e-18], "id": "e71102b6da1d63f3a363b55cbd344baa", "numVertices": 216, "min": [-0.311232, 0.0, -0.311232]}
