{"max": [-1.57732, 8.88, -8.26518], "centroid": [-6.304863941018777, 4.137563217158181, -18.77822080428955], "id": "2037531c43448c3016329cbc378d2a2", "numVertices": 373, "min": [-11.3973, 0.0, -20.8904]}
