{"max": [-0.25162, 0.209137, -0.894626], "centroid": [-0.3507690273972602, 0.1135745821917806, -1.016527869863014], "id": "c2e411ed6061a25ef06800d5696e457f", "numVertices": 292, "min": [-0.44942, 0.015937, -1.16193]}
