{"max": [-1.5274, 6.223, 9.88298], "centroid": [-4.090616229508198, 4.04845967213115, 6.586981475409838], "id": "8aed972ea2b4a9019c3814eae0b8d399", "numVertices": 122, "min": [-6.66785, 0.0, 3.03438]}
