{"max": [0.0508, 0.12429, 0.0508], "centroid": [-0.00047718175388967543, 0.06492407998302693, -0.01031696605374824], "id": "4f9f31db3c3873692a6f53dd95fd4468", "numVertices": 707, "min": [-0.0508, 0.0, -0.100012]}
