{"max": [-0.25803, 0.177809, 0.35157], "centroid": [-0.30479992737003075, 0.08412245320948022, 0.3019232844036698], "id": "6e884701bfddd1f71e1138649f4c219", "numVertices": 1308, "min": [-0.35157, 0.0, 0.222013]}
