{"max": [2.98343, 4.3, 0.0], "centroid": [1.632134610778448, 2.398919921157681, -3.507957574850304], "id": "dcec634f18e12427c2c72e575af174cd", "numVertices": 1002, "min": [0.0, 0.0, -4.37742]}
