{"max": [-5.58636, 7.34822, -14.397], "centroid": [-9.314357617142896, 3.3242802218514225, -20.05321502857146], "id": "d38295b8d83e8cdec712af445786fe", "numVertices": 1750, "min": [-13.0424, -0.2, -24.9057]}
