{"max": [0.098742, 0.149328, 0.0], "centroid": [0.04918658147535868, 0.09175717901434836, -0.08828536481908923], "id": "28f1e7bc572a633cb9946438ed40eeb9", "numVertices": 1603, "min": [0.0, 0.0, -0.133273]}
