{"max": [-2.87296, 0.53975, -0.170978], "centroid": [-3.162266690647485, 0.2502459064748205, -0.682749478417266], "id": "f09e51579600cfbb88b651d2e4ea0846", "numVertices": 278, "min": [-3.44475, 0.0, -0.918166]}
