{"max": [0.159029, 0.0762, -0.0340077], "centroid": [0.12218462011173177, 0.02732331653631297, -0.07683793994413406], "id": "9278005254c8db7e95f577622f465c85", "numVertices": 358, "min": [0.0849079, 0.0, -0.130623]}
