{"max": [-0.410424, 0.28, -2.99481], "centroid": [-0.5649438619813706, 0.13564448348856942, -3.3004933700254018], "id": "7a8ea24474846c5c2f23d8349a133d2b", "numVertices": 1181, "min": [-0.705138, -0.02, -3.3961]}
