{"max": [0.047331, 0.102, 0.047331], "centroid": [1.4214876029503984e-09, 0.07803498578512388, -0.017287967272727252], "id": "9426e7aa67c83a4c3b51ab46b2f98f30", "numVertices": 605, "min": [-0.047331, 0.0, -0.083485]}
