{"max": [1.39653, 2.92665, 1.39653], "centroid": [0.018230929204947014, 1.6368481516342757, -0.555239547014134], "id": "604fcae9d93201d9d7f470ee20dce9e0", "numVertices": 1132, "min": [-1.39653, -0.00160035, -2.61385]}
