{"max": [-1.35589, 7.5057, 14.569], "centroid": [-6.476221538461533, 4.53345424852071, 5.363059372781062], "id": "c7ddd93b15e30faae180a52fd2be32", "numVertices": 169, "min": [-11.5251, -2.80035, -2.83345]}
