{"max": [3.36906, 3.0353, 0.61936], "centroid": [1.959361640776702, 1.525602885922332, -2.425825204854368], "id": "43e1cabc5dd2fa91fffc97a61124b1a9", "numVertices": 412, "min": [0.549663, 0.0, -3.56042]}
