{"max": [-0.647334, 1.20531, -8.97783], "centroid": [-1.3163622498118837, 0.6325062520692236, -9.87819951091047], "id": "9c930a8a3411f069e7f67f334aa9295c", "numVertices": 1329, "min": [-1.98515, 0.200961, -10.7294]}
