{"max": [0.0508, 0.115888, 0.0508], "centroid": [0.0007376656906017566, 0.07398603029073714, -0.02568627966193382], "id": "34ae0b61b0d8aaf2d7b20fded0142d7a", "numVertices": 1479, "min": [-0.0508, 0.0, -0.0914837]}
