{"max": [0.185762, 0.771166, 0.0936124], "centroid": [-0.027476324260606026, 0.4278572336363639, -0.33977575912727226], "id": "1c3fccb84f1eeb97a3d0a41d6c77ec7c", "numVertices": 330, "min": [-0.303365, 0.0, -0.726582]}
