{"max": [0.055806, 0.143323, 0.0603648], "centroid": [-5.4746902973395404e-05, 0.07158450374021925, -0.02545161615805946], "id": "9737c77d3263062b8ca7a0a01bcd55b6", "numVertices": 1278, "min": [-0.0554855, 0.0, -0.0890796]}
