{"max": [0.29845, 0.65405, 0.29845], "centroid": [-0.03137678677115986, 0.29173067962382415, -0.26832857366771146], "id": "513c3410e8354e5211c7f3807925346a", "numVertices": 319, "min": [-0.29845, 0.0, -0.545181]}
