{"max": [0.0619125, 0.119062, 0.0619125], "centroid": [-0.000127337249932157, 0.07814114545454535, -0.04073203609226594], "id": "c6bc2c9770a59b5ddd195661813efe58", "numVertices": 737, "min": [-0.0619125, 0.0, -0.116483]}
