{"max": [0.121, 0.14, 0.0], "centroid": [0.06204174067495564, 0.07785016785079953, -0.11316991829484888], "id": "2d10421716b16580e45ef4135c266a12", "numVertices": 1126, "min": [0.0, 0.0098, -0.162]}
