{"max": [0.0319939, 0.065, 0.0319939], "centroid": [-0.00022964962406015046, 0.027157860150375943, -0.0036317225563909845], "id": "159e56c18906830278d8f8c02c47cde0", "numVertices": 133, "min": [-0.0319939, -0.005, -0.0450802]}
