{"max": [0.0593034, 0.136933, 0.041275], "centroid": [0.0003987712493786245, 0.03889462738359578, -0.008627267317315652], "id": "5b0c679eb8a2156c4314179664d18101", "numVertices": 2414, "min": [-0.041275, 0.0, -0.0752028]}
