{"max": [0.440568, 0.124461, -0.608546], "centroid": [0.39093022440944813, 0.07599479541732225, -0.6769297417322832], "id": "586e67c53f181dc22adf8abaa25e0215", "numVertices": 1270, "min": [0.340568, 0.00356, -0.748198]}
