{"max": [0.041275, 0.1016, 0.041275], "centroid": [7.615432298137028e-05, 0.036259639667080706, -0.012545154161490678], "id": "b7e705de46ebdcc14af54ba5738cb1c5", "numVertices": 1610, "min": [-0.041275, 0.0, -0.0752028]}
